{"cameraMode":{"drawMode":0,"name":"Shaded","section":"Shading Mode"},"sceneLighting":false,"audioPlay":false,"sceneViewState":{"m_AlwaysRefresh":false,"showFog":true,"showSkybox":true,"showFlares":true,"showImageEffects":true,"showParticleSystems":true,"showVisualEffectGraphs":true,"m_FxEnabled":true},"in2DMode":false,"pivot":{"x":190.31080627441407,"y":1.9950599670410157,"z":67.70558166503906},"rotation":{"x":-0.007133218925446272,"y":-0.9853467345237732,"z":0.1649831086397171,"w":-0.04259674251079559},"size":0.19651181995868684,"orthographic":false}