{"cameraMode":{"drawMode":0,"name":"Shaded","section":"Shading Mode"},"sceneLighting":true,"audioPlay":false,"sceneViewState":{"m_AlwaysRefresh":false,"showFog":true,"showSkybox":true,"showFlares":true,"showImageEffects":true,"showParticleSystems":true,"showVisualEffectGraphs":true,"m_FxEnabled":true},"in2DMode":false,"pivot":{"x":150.41200256347657,"y":-0.2709779441356659,"z":40.76557540893555},"rotation":{"x":0.00031094520818442106,"y":-0.9996792674064636,"z":0.019805779680609704,"w":0.015603250823915005},"size":12.12435531616211,"orthographic":false}