{"cameraMode":{"drawMode":0,"name":"Shaded","section":"Shading Mode"},"sceneLighting":true,"audioPlay":false,"sceneViewState":{"m_AlwaysRefresh":false,"showFog":true,"showSkybox":true,"showFlares":true,"showImageEffects":true,"showParticleSystems":true,"showVisualEffectGraphs":true,"m_FxEnabled":true},"in2DMode":false,"pivot":{"x":188.79226684570313,"y":3.426651954650879,"z":65.78845977783203},"rotation":{"x":0.15091201663017274,"y":0.25600171089172366,"z":-0.04050305858254433,"w":0.9539540410041809},"size":0.8660253882408142,"orthographic":false}