{"cameraMode":{"drawMode":0,"name":"Shaded","section":"Shading Mode"},"sceneLighting":true,"audioPlay":false,"sceneViewState":{"m_AlwaysRefresh":false,"showFog":true,"showSkybox":true,"showFlares":true,"showImageEffects":true,"showParticleSystems":true,"showVisualEffectGraphs":true,"m_FxEnabled":true},"in2DMode":false,"pivot":{"x":174.1530303955078,"y":5.404309272766113,"z":103.76080322265625},"rotation":{"x":0.12405265867710114,"y":0.7297806143760681,"z":-0.13755883276462556,"w":0.6581056714057922},"size":0.1773349940776825,"orthographic":false}