{"cameraMode":{"drawMode":0,"name":"Shaded","section":"Shading Mode"},"sceneLighting":false,"audioPlay":false,"sceneViewState":{"m_AlwaysRefresh":false,"showFog":true,"showSkybox":true,"showFlares":true,"showImageEffects":true,"showParticleSystems":true,"showVisualEffectGraphs":true,"m_FxEnabled":true},"in2DMode":false,"pivot":{"x":-4.805624485015869e-7,"y":0.3999999463558197,"z":0.00010000169277191162},"rotation":{"x":0.10831434279680252,"y":0.7730797529220581,"z":-0.13733133673667909,"w":0.6097132563591003},"size":0.40223759412765505,"orthographic":false}