{"cameraMode":{"drawMode":0,"name":"Shaded","section":"Shading Mode"},"sceneLighting":false,"audioPlay":false,"sceneViewState":{"m_AlwaysRefresh":false,"showFog":true,"showSkybox":true,"showFlares":true,"showImageEffects":true,"showParticleSystems":true,"showVisualEffectGraphs":true,"m_FxEnabled":true},"in2DMode":false,"pivot":{"x":-0.009239912033081055,"y":3.6923742294311525,"z":0.04347038269042969},"rotation":{"x":0.1251203715801239,"y":0.28017809987068179,"z":-0.036861106753349307,"w":0.9510449171066284},"size":5.248979091644287,"orthographic":false}