{"cameraMode":{"drawMode":0,"name":"Shaded","section":"Shading Mode"},"sceneLighting":false,"audioPlay":false,"sceneViewState":{"m_AlwaysRefresh":false,"showFog":true,"showSkybox":true,"showFlares":true,"showImageEffects":true,"showParticleSystems":true,"showVisualEffectGraphs":true,"m_FxEnabled":true},"in2DMode":false,"pivot":{"x":0.00004780292510986328,"y":0.6989117860794067,"z":-0.004868894815444946},"rotation":{"x":0.07590211182832718,"y":0.8034780621528626,"z":-0.10496289283037186,"w":0.5810573101043701},"size":1.0247485637664796,"orthographic":false}