{"cameraMode":{"drawMode":0,"name":"Shaded","section":"Shading Mode"},"sceneLighting":false,"audioPlay":false,"sceneViewState":{"m_AlwaysRefresh":false,"showFog":true,"showSkybox":true,"showFlares":true,"showImageEffects":true,"showParticleSystems":true,"showVisualEffectGraphs":true,"m_FxEnabled":true},"in2DMode":false,"pivot":{"x":108.73999786376953,"y":3.3399999141693117,"z":137.27999877929688},"rotation":{"x":-0.007133218925446272,"y":-0.9853467345237732,"z":0.1649831086397171,"w":-0.04259674251079559},"size":1.732050895690918,"orthographic":false}